{"accuracy": [0.04430176690220833, 0.05842696502804756, 0.10208667814731598, 0.15056179463863373, 0.18651685118675232, 0.24398073554039001, 0.2921348214149475, 0.35569822788238525, 0.4025682210922241, 0.44686996936798096, 0.48571428656578064, 0.5418940782546997, 0.5617977380752563, 0.5929374098777771, 0.6272873282432556, 0.643338680267334, 0.6703049540519714, 0.6902086734771729, 0.6937399506568909, 0.7171749472618103, 0.7351524829864502, 0.7508828043937683, 0.7573033571243286, 0.7595505714416504, 0.7826645374298096, 0.7874799370765686, 0.8003210425376892, 0.8028892278671265, 0.8086677193641663, 0.8118780255317688], "loss": [10.781110763549805, 3.5229997634887695, 3.4510138034820557, 3.2343413829803467, 3.12041974067688, 2.891270160675049, 2.660168170928955, 2.455738067626953, 2.2700705528259277, 2.0761117935180664, 1.9467062950134277, 1.8127714395523071, 1.7560580968856812, 1.6724827289581299, 1.5160480737686157, 1.4152897596359253, 1.330004334449768, 1.307618260383606, 1.3135814666748047, 1.216004490852356, 1.138710856437683, 1.4559564590454102, 1.0641789436340332, 1.0624252557754517, 1.0130739212036133, 0.9922362565994263, 0.9562309384346008, 0.9820764660835266, 0.9131867289543152, 0.9169737696647644], "val_accuracy": [0.07692307978868484, 0.11680911481380463, 0.21937322616577148, 0.30199429392814636, 0.36182335019111633, 0.3817663788795471, 0.5384615659713745, 0.5868945717811584, 0.4928774833679199, 0.6552706360816956, 0.6752136945724487, 0.6068376302719116, 0.7236467003822327, 0.7663817405700684, 0.7834757566452026, 0.7578347325325012, 0.8062677979469299, 0.8176637887954712, 0.8490028381347656, 0.8176637887954712, 0.7834757566452026, 0.8917378783226013, 0.8490028381347656, 0.8774929046630859, 0.8034188151359558, 0.874643862247467, 0.8945869207382202, 0.8888888955116272, 0.874643862247467, 0.8945869207382202], "val_loss": [3.510362148284912, 3.427563190460205, 2.9955525398254395, 2.767922878265381, 2.6138603687286377, 2.4274771213531494, 2.0120606422424316, 1.8563255071640015, 2.8942770957946777, 1.569532036781311, 1.559639811515808, 1.9259593486785889, 1.4180794954299927, 1.2777316570281982, 1.4654271602630615, 1.4751970767974854, 1.3147292137145996, 1.3091081380844116, 1.099521517753601, 1.0395307540893555, 1.878021478652954, 1.059257984161377, 1.2524856328964233, 1.0763986110687256, 1.7833225727081299, 1.3610825538635254, 1.1683685779571533, 1.2229294776916504, 2.061112403869629, 1.1524354219436646]}